{	"inversion_type":"MVI",
	"data_type": "ftmg",
	"data_file": "test_ftmg_file_decimated.xyz",
	"topography": "radarTopo.topo",
	"inducing_field_aid": [49153, 66.366, 3.693],
	"result_folder": "SimPEG_FTMG",
	"ftmg_components": ["Bxx", "Bxy", "Bxz", "Byy", "Byz", "Bzz", "TMI"],
	"target_chi": 1,
	"core_cell_size": [25,25,25],
	"octree_levels_topo": [0,3,3],
	"octree_levels_obs": [5,10,10],
	"octree_levels_padding": [5,10,10],
	"max_distance": 50,
	"alphas": [1, 1, 1, 1],
	"model_norms":[1,2,2,2, 2,0,0,0, 0,0,0,0],
	"padding_distance": [[1000,1000], [1000,1000], [0,1000]],
	"depth_core": 2000,
	"gradient_type":"total",
	"max_RAM": 3
}
